rss,vms,num_page_faults,peak_wset,wset,peak_paged_pool,paged_pool,peak_nonpaged_pool,nonpaged_pool,pagefile,peak_pagefile,private,uss,read_count,write_count,read_bytes,write_bytes,other_count,other_bytes
10772480,5599232,2745,10829824,10772480,64840,64664,8432,7880,5599232,5701632,5599232,5029888,113,1,586533,5,1826,332588
10772480,5599232,2745,10829824,10772480,64840,64664,8432,7880,5599232,5701632,5599232,5029888,113,1,586533,5,1826,332588
10772480,5599232,2745,10829824,10772480,64840,64664,8432,7880,5599232,5701632,5599232,5029888,113,1,586533,5,1826,332588
10772480,5599232,2745,10829824,10772480,64840,64664,8432,7880,5599232,5701632,5599232,5029888,113,1,586533,5,1826,332588
10772480,5599232,2745,10829824,10772480,64840,64664,8432,7880,5599232,5701632,5599232,5029888,113,1,586533,5,1826,332588
10772480,5599232,2745,10829824,10772480,64840,64664,8432,7880,5599232,5701632,5599232,5029888,113,1,586533,5,1846,333394
10772480,5599232,2745,10829824,10772480,64840,64664,8432,7880,5599232,5701632,5599232,5029888,113,1,586533,5,1846,333394
10772480,5599232,2745,10829824,10772480,64840,64664,8432,7880,5599232,5701632,5599232,5029888,113,1,586533,5,1846,333394
10772480,5599232,2745,10829824,10772480,64840,64664,8432,7880,5599232,5701632,5599232,5029888,113,1,586533,5,1846,333394
10772480,5599232,2745,10829824,10772480,64840,64664,8432,7880,5599232,5701632,5599232,5029888,113,1,586533,5,1846,333394
10772480,5599232,2745,10829824,10772480,64840,64664,8432,7880,5599232,5701632,5599232,5029888,113,1,586533,5,1866,334200
10772480,5599232,2745,10829824,10772480,64840,64664,8432,7880,5599232,5701632,5599232,5029888,113,1,586533,5,1866,334200
10772480,5599232,2745,10829824,10772480,64840,64664,8432,7880,5599232,5701632,5599232,5029888,113,1,586533,5,1866,334200
10772480,5599232,2745,10829824,10772480,64840,64664,8432,7880,5599232,5701632,5599232,5029888,113,1,586533,5,1866,334200
10772480,5599232,2745,10829824,10772480,64840,64664,8432,7880,5599232,5701632,5599232,5029888,113,1,586533,5,1866,334200
10772480,5599232,2745,10829824,10772480,64840,64664,8432,7880,5599232,5701632,5599232,5029888,113,1,586533,5,1886,335006
10772480,5599232,2745,10829824,10772480,64840,64664,8432,7880,5599232,5701632,5599232,5029888,113,1,586533,5,1886,335006
10772480,5599232,2745,10829824,10772480,64840,64664,8432,7880,5599232,5701632,5599232,5029888,113,1,586533,5,1886,335006
10772480,5599232,2745,10829824,10772480,64840,64664,8432,7880,5599232,5701632,5599232,5029888,113,1,586533,5,1886,335006
10772480,5599232,2745,10829824,10772480,64840,64664,8432,7880,5599232,5701632,5599232,5029888,113,1,586533,5,1886,335006
